<!--

    Copyright (c) 2018, 2021 Oracle and/or its affiliates. All rights reserved.

    This program and the accompanying materials are made available under the
    terms of the Eclipse Distribution License v. 1.0, which is available at
    http://www.eclipse.org/org/documents/edl-v10.php.

    SPDX-License-Identifier: BSD-3-Clause

-->

<?xml version="1.0" encoding="UTF-8"?>
<actions>
        <action>
            <actionName>run</actionName>
            <goals>
                <goal>package</goal>
            </goals>
            <properties>
                <netbeans.deploy>true</netbeans.deploy>
                <netbeans.deploy.clientUrlPart>/construsales7</netbeans.deploy.clientUrlPart>
            </properties>
        </action>
        <action>
            <actionName>debug</actionName>
            <goals>
                <goal>package</goal>
            </goals>
            <properties>
                <netbeans.deploy.debugmode>true</netbeans.deploy.debugmode>
                <netbeans.deploy>true</netbeans.deploy>
                <netbeans.deploy.clientUrlPart>/construsales7</netbeans.deploy.clientUrlPart>
            </properties>
        </action>
        <action>
            <actionName>profile</actionName>
            <goals>
                <goal>package</goal>
            </goals>
            <properties>
                <netbeans.deploy>true</netbeans.deploy>
                <netbeans.deploy.profilemode>true</netbeans.deploy.profilemode>
                <netbeans.deploy.clientUrlPart>/construsales7</netbeans.deploy.clientUrlPart>
            </properties>
        </action>
    </actions>
